<!DOCTYPE html
  PUBLIC "-//W3C//DTD HTML 4.01 Transitional//EN" "http://www.w3.org/TR/html4/loose.dtd">
<html>
   <head>
      <meta http-equiv="Content-Type" content="text/html; charset=UTF-8">
      <title>GeoNetwork- Geoportal de búsqueda, visualización y descarga de información y datos espaciales</title>
      <link rel="stylesheet" type="text/css" href="/geonetwork/geonetwork.css">
   </head>
   <body>
      <table width="100%" height="100%">
         <tr class="banner">
            <td class="banner"><img src="/geonetwork/images/header-left.jpg" alt="GeoNetwork opensource" align="top"></td>
            <td align="right" class="banner"><img src="/geonetwork/images/header-right.gif" alt="World picture" align="top"></td>
         </tr>
         <tr height="100%">
            <td class="content" colspan="3">
               <table width="100%" height="100%">
                  <tr>
                     <td class="padded-content" width="100"></td>
                     <td class="dots"></td>
                     <td class="padded-content">
                        <h1>GeoNetwork- Geoportal de búsqueda, visualización y descarga de información y datos espaciales</h1>
                     </td>
                  </tr>
                  <tr>
                     <td class="dots" colspan="3"></td>
                  </tr>
                  <tr>
                     <td class="padded-content" width="100"></td>
                     <td class="dots"></td>
                     <td class="padded-content" align="center">
                        <h2 class="error">La operación solicitada no pudo realizarse, pulse Volver.</h2>
                        <p></p>NullPointerException : 
                        <p></p><button class="content" onclick="if (history.length&gt;1) history.back(); else window.close();">Volver a la página anterior</button></td>
                  </tr>
                  <tr height="100%">
                     <td class="padded-content" width="100"></td>
                     <td class="dots"></td>
                     <td class="padded-content"></td>
                  </tr>
                  <tr>
                     <td class="blue-content" colspan="3"></td>
                  </tr>
               </table>
            </td>
         </tr>
      </table>
   </body>
</html>